iter,acc,nmi,ari,L,Lc,Lr
0,0.90251,0.89468,0.86015,0,0,0
140,0.90247,0.89454,0.86007,0.01727,0.0548,0.01179
